Index,Keyword,Tweets

0,Lee sin,Me playing lee sin ð¤ losing games

1,Lee sin,"no u wont, u will become of the insane buttons pressed at once ching chong lee sin mains"

2,Lee sin,to-do-list in my night and dawn elder and lee sin missions just play co-op vs ai times with just tryndamere

3,Lee sin,I main lee sin dumb ass

4,Lee sin,"{EUW} GMB Diamondprox on Lee Sin [Ch LP], EPG Phlaty on Diana [GM LP], FNCA MagiFelix on Mordekaiser [Ch â¦"

5,Lee sin,"after I will get the prestige skin for Lee Sin, I will try to finally learn him"

6,Lee sin,: David Lee Roth arrives at the airport to catch his flight to Sin City for his upcoming live performances htâ¦

7,Lee sin,"i bought Lee Sin, WATCH OUT THE FUCK HAPPENS WHEN SHIT HAPPENS"

8,Lee sin,tokens para la skin de lee sin lets go

9,Lee sin,": Tom Hiddleston and Clark Gregg ""Celebrating Marvel's Stan Lee"" on ABC."

10,Lee sin,Dropping Soon !!! stan Please help keep streaming this and follow !!!â¦

11,Lee sin,: David Lee Roth arrives at the airport to catch his flight to Sin City for his upcoming live performances htâ¦

12,Lee sin,lee sin after his insec play

13,Lee sin,Tradear Elise por Ryze/Lee Sin. Dudoso draft.

14,Lee sin,Lee French's Greatest Sin series.

15,Lee sin,Lee French's Greatest Sin series.

16,Lee sin,I just noticed. Lee sin doesn't have nipples...

17,Lee sin,"{KR} Score on Rek'Sai [GM LP], FPX Lwx on Tristana [GM LP], on Lee Sin [GM LP]"

18,Lee sin,I think your lee sin is giga clean whenever I see it

19,Lee sin,: David Lee Roth arrives at the airport to catch his flight to Sin City for his upcoming live performances htâ¦

20,Lee sin,usto ko mag lee sin and imma go Q ward hop R+Flash Q huhu

21,Lee sin,"LEE SIN, RAKAN, EKKO, VIKTOR! I think I already like set"

22,Lee sin,nightbringer lee sin!!!

23,Lee sin,raka :Blitzcrank/Thresh/Yasuo :lee sin :lee sin :Annie tank top r:mundo :MasterYiâ¦

24,Lee sin,live do lee sin cornao so vem

25,Lee sin,: David Lee Roth arrives at the airport to catch his flight to Sin City for his upcoming live performances htâ¦

26,Lee sin,All lee sin

27,Lee sin,streaming some ultra-clean lee sin flash

28,Lee sin,"{EUW} on Ornn [GM LP], on Karthus [M LP], G2H Lamabear on Lee Sin [Ch ,001 LP], VITâ¦"

29,Lee sin,": I really hate to see this, people of my own religion being treated like this. How can a decent human being be liâ¦"

30,Lee sin,: Reminder that all these traits were visible during the campaign. Making fun of a war hero. Claiming a woman who accuses himâ¦

31,Lee sin,"Lolita, light of my life, fire of my loins. My sin, my soul. Lo-lee-ta: the tip of the tongue taking a trip of threâ¦"

32,Lee sin,Who's the teacher ? Lee sin ?

33,Lee sin,Nightbringer lee sin!

34,Lee sin,: David Lee Roth arrives at the airport to catch his flight to Sin City for his upcoming live performances htâ¦

35,Lee sin,"{NA} on Irelia [GM LP], on Rek'Sai [D3], on Pyke [M LP], on Ezreâ¦"

36,Lee sin,: David Lee Roth arrives at the airport to catch his flight to Sin City for his upcoming live performances htâ¦

37,Lee sin,: David Lee Roth arrives at the airport to catch his flight to Sin City for his upcoming live performances htâ¦

38,Lee sin,well it's SETTled then. Pantheon/Lee Sin time it is

39,Lee sin,"Imagine thinking you could out jungle me, get ready to feel my Lee Sin. Reference:"

40,Lee sin,: Lee sin

41,Lee sin,Best LEE SIN Moments Plays Montage S9 LOL - League of Legends Season via

42,Lee sin,Fucking lee sin thumb... Bully

43,Lee sin,First impression: lee sin thumb hehe Your nickname in my head: Oscar/Charmie Closeness ratings [â¦

44,Lee sin,"one auto away for enemy lee sin to die vlad on my team: *stares at his screen while watching me, with no summs, eveâ¦"

45,Lee sin,Lee sin mid

46,Lee sin,The chad Ekko vs the virgin Lee Sin

47,Lee sin,: David Lee Roth arrives at the airport to catch his flight to Sin City for his upcoming live performances htâ¦

48,Lee sin,"The Sin Of Praying Last October, Bill Lee, governor of Tennessee, declared October as a âday of prayer, humilitâ¦"

49,Lee sin,And I am groot Iâm also decent at Lee sin ð¤

50,Lee sin,"We had a killer LoL session last night! Found out Iâm hot garbage at Lee Sin, but went and did the lords work as Tâ¦"

51,Lee sin,: David Lee Roth arrives at the airport to catch his flight to Sin City for his upcoming live performances htâ¦

52,Lee sin,A Bad Lee Sin: youre all fucked now

53,Lee sin,I only played lee sin before for the last years so I had to spice it up

54,Lee sin,: David Lee Roth arrives at the airport to catch his flight to Sin City for his upcoming live performances htâ¦

55,Lee sin,: David Lee Roth arrives at the airport to catch his flight to Sin City for his upcoming live performances htâ¦

56,Lee sin,Lee sin

57,Lee sin,: David Lee Roth arrives at the airport to catch his flight to Sin City for his upcoming live performances htâ¦

58,Lee sin,: David Lee Roth arrives at the airport to catch his flight to Sin City for his upcoming live performances htâ¦

59,Lee sin,YES MY LEE SIN CAN HIT SKILLSHOTS YEÃP

60,Lee sin,: David Lee Roth arrives at the airport to catch his flight to Sin City for his upcoming live performances htâ¦

61,Lee sin,Margaret's Korean Name : Lee sin cheong

62,Lee sin,Oh boi the lee sin one trick is after me

63,Lee sin,God fist Lee Sin

64,Lee sin,: lee know hits different

65,Lee sin,"Yes ,was my last game of Lee Sin"

66,Lee sin,: David Lee Roth arrives at the airport to catch his flight to Sin City for his upcoming live performances htâ¦

67,Lee sin,"{KR} on Syndra [GM LP], DYN Kuzan on Xerath [GM LP], on Renekton [GM LP], KT Malrang onâ¦"

68,Lee sin,: David Lee Roth arrives at the airport to catch his flight to Sin City for his upcoming live performances htâ¦

69,Lee sin,: David Lee Roth arrives at the airport to catch his flight to Sin City for his upcoming live performances htâ¦

70,Lee sin,: David Lee Roth arrives at the airport to catch his flight to Sin City for his upcoming live performances htâ¦

71,Lee sin,Lee Sin and Xayah

72,Lee sin,swerte ko today: elementalist lux elderwood nocturne nightbringer lee sin sugar rush ziggs lunar eclipse leona allâ¦

73,Lee sin,: David Lee Roth arrives at the airport to catch his flight to Sin City for his upcoming live performances htâ¦

74,Lee sin,NIghtbringer Lee Sin

75,Lee sin,: David Lee Roth arrives at the airport to catch his flight to Sin City for his upcoming live performances htâ¦

76,Lee sin,Nightbringer lee sin

77,Lee sin,: .- Lee Sin God Fist

78,Lee sin,.- Lee Sin God Fist

79,Lee sin,[All] meatwadsprite (Rammus): more like pee breath [All] Xanthorius (Lee Sin): stfu idiot

80,Lee sin,: David Lee Roth arrives at the airport to catch his flight to Sin City for his upcoming live performances htâ¦

81,Lee sin,: David Lee Roth arrives at the airport to catch his flight to Sin City for his upcoming live performances htâ¦

82,Lee sin,": Talent of the Day: ð¨ð³ xiaolongbao Team: Royal Never Give Up. Role: Jungler. Champion pool: Lee Sin, Evelynn, Elise. Skilâ¦"

83,Lee sin,: David Lee Roth arrives at the airport to catch his flight to Sin City for his upcoming live performances htâ¦

84,Lee sin,: David Lee Roth arrives at the airport to catch his flight to Sin City for his upcoming live performances htâ¦

85,Lee sin,: David Lee Roth arrives at the airport to catch his flight to Sin City for his upcoming live performances htâ¦

86,Lee sin,: David Lee Roth arrives at the airport to catch his flight to Sin City for his upcoming live performances htâ¦

87,Lee sin,Brain? When I play Zed I can't resist the stupidity impulse. It's similar when you hit Lee SinÂ´s Q .â¦

88,Lee sin,Every single Lee Sin player out there. I hope something bad happens to you

89,Lee sin,: David Lee Roth arrives at the airport to catch his flight to Sin City for his upcoming live performances htâ¦

90,Lee sin,: David Lee Roth arrives at the airport to catch his flight to Sin City for his upcoming live performances htâ¦

91,Lee sin,Uhhhh do we get any compensation for not being able to play for like the last hours now.... I normâ¦

92,Lee sin,Gripex - LEE SIN MONTAGE (Best of )

93,Lee sin,Riot Games is so cruel to me. Right after I quit league they announce Prestige Riven so I gotta grind for it. Afterâ¦

94,Lee sin,: David Lee Roth arrives at the airport to catch his flight to Sin City for his upcoming live performances htâ¦

95,Lee sin,: David Lee Roth arrives at the airport to catch his flight to Sin City for his upcoming live performances htâ¦

96,Lee sin,: David Lee Roth arrives at the airport to catch his flight to Sin City for his upcoming live performances htâ¦

97,Lee sin,Lee Sin Gawd - Playing some league of legends for shits

98,Lee sin,Lee sin

99,Lee sin,is there anyone who actually liked the prestige lee sin skin :|

100,Lee sin,: David Lee Roth arrives at the airport to catch his flight to Sin City for his upcoming live performances htâ¦

101,Lee sin,": Talent of the Day: ð¨ð³ xiaolongbao Team: Royal Never Give Up. Role: Jungler. Champion pool: Lee Sin, Evelynn, Elise. Skilâ¦"

102,Lee sin,"{KR} HLE Lava on Miss Fortune [GM LP], WE Plex on Lee Sin [GM LP], HLE Lehends on Tahm Kench [M LP],â¦"

103,Lee sin,: David Lee Roth arrives at the airport to catch his flight to Sin City for his upcoming live performances htâ¦

104,Lee sin,: When our jungler locks in Lee Sin before the enemy jungler

105,Lee sin,"{KR} Zenit on Aphelios [Ch LP], GRF Tarzan on Lee Sin [Ch ,308 LP], GEN Life on Nautilus [Ch ,132 LP], GRF Naâ¦"

106,Lee sin,i know i already tweeted about it but st timing lee sin in ranked should be PERM bannable there is no other champiâ¦

107,Lee sin,Finally I hope we can see some Lee Sin!

108,Lee sin,: David Lee Roth arrives at the airport to catch his flight to Sin City for his upcoming live performances htâ¦

109,Lee sin,"{KR} on Ekko [Ch LP], KT Aiming on Lee Sin [Ch ,235 LP], FPX Tian on Elise [M LP]"

110,Lee sin,he a good lee sin :^)

111,Lee sin,My great escape attempt as Lee Sin in off of our tonight.â¦

112,Lee sin,: David Lee Roth arrives at the airport to catch his flight to Sin City for his upcoming live performances htâ¦

113,Lee sin,new lee sin skin

114,Lee sin,"no bro, your lee sin irl now"

115,Lee sin,: David Lee Roth arrives at the airport to catch his flight to Sin City for his upcoming live performances htâ¦

116,Lee sin,"Dread GRAGAS vs bonO LEE SIN (JUNGLE) (DEFEAT) | Rank , Rank Gragas | Korea Challenger | v9.24â¦"

117,Lee sin,": Talent of the Day: ð¨ð³ xiaolongbao Team: Royal Never Give Up. Role: Jungler. Champion pool: Lee Sin, Evelynn, Elise. Skilâ¦"

118,Lee sin,": Talent of the Day: ð¨ð³ xiaolongbao Team: Royal Never Give Up. Role: Jungler. Champion pool: Lee Sin, Evelynn, Elise. Skilâ¦"

119,Lee sin,"Talent of the Day: ð¨ð³ xiaolongbao Team: Royal Never Give Up. Role: Jungler. Champion pool: Lee Sin, Evelynn, Eliseâ¦"

120,Lee sin,INFERNAL DRAGON SOUL IS BROKEN !! I LOVE SEASON | LEE SIN GUIDE JUNGLE | Nightblue3 Full Gameplayâ¦

121,Lee sin,: lee sin players on my team be like

122,Lee sin,poppy jungle into filthy lee sin blinders make me unbelievably happy

123,Lee sin,(: lee sin god

124,Lee sin,The one and only reason im maining lee sin

125,Lee sin,: Nightbringer Lee Sin Prestige Edition

126,Lee sin,: Nightbringer Lee Sin

127,Lee sin,"{KR} on Ezreal [GM LP], GRF Sword on Pantheon [Ch LP], FPX Tian on Lee Sin [M LP], GRF Naehyun oâ¦"

128,Lee sin,"My God, Riot. What are you doing, weeks ago you had an RP bonus for topups, last week you had a sale for Draven,â¦"

129,Lee sin,: David Lee Roth arrives at the airport to catch his flight to Sin City for his upcoming live performances htâ¦

130,Lee sin,grad sin signing with Penn St from coach Rick from Lee co hs be up campus in spring with my nephew wâ¦

131,Lee sin,"{KR} SB Leo on Irelia [GM LP], APK Mia on Alistar [GM LP], SB Punch on Lee Sin [GM LP], GRF Naehyun onâ¦"

132,Lee sin,Practice your lee sin

133,Lee sin,will the players get compensated for lost game time? I could have my Lee Sin skin already.

134,Lee sin,"LEE SIN vs GRAGAS (JUNGLE) | KDA /1/11, early solo kills, Legendary | Korea Master | v9.24â¦"

135,Lee sin,"streaming some ultra-clean lee sin play, i wish i used email enough to take advantage of it"

136,Lee sin,: David Lee Roth arrives at the airport to catch his flight to Sin City for his upcoming live performances htâ¦

137,Lee sin,: David Lee Roth arrives at the airport to catch his flight to Sin City for his upcoming live performances htâ¦

138,Lee sin,Gift me lee sin skin

139,Lee sin,: David Lee Roth arrives at the airport to catch his flight to Sin City for his upcoming live performances htâ¦

140,Lee sin,: David Lee Roth arrives at the airport to catch his flight to Sin City for his upcoming live performances htâ¦

141,Lee sin,": No one would've thought I'd be saved. I cussed out the pastor, did drugs, loved sexual sin, and hung out with people whoâ¦"

142,Lee sin,"""Idk man jg aint fun I was playing lee sin and went /12"" -Turo"

143,Lee sin,: i wanna go on a date with mark lee what the fuck

144,Lee sin,{EUW} SK Phrenic on Lee Sin [GM LP]

145,Lee sin,The skins I want arenât available or I got baited and spent currency eecting my Prestige Points to bâ¦

146,Lee sin,: David Lee Roth arrives at the airport to catch his flight to Sin City for his upcoming live performances htâ¦

147,Lee sin,": Here's Theda Bara in the film Sin produced at Fox Studio in Fort Lee, NJ for your ! Did you knoâ¦"

148,Lee sin,: David Lee Roth arrives at the airport to catch his flight to Sin City for his upcoming live performances htâ¦

149,Lee sin,: David Lee Roth arrives at the airport to catch his flight to Sin City for his upcoming live performances htâ¦

150,Lee sin,: David Lee Roth arrives at the airport to catch his flight to Sin City for his upcoming live performances htâ¦

151,Lee sin,: David Lee Roth arrives at the airport to catch his flight to Sin City for his upcoming live performances htâ¦

152,Lee sin,{KR} on Lee Sin [M LP]

153,Lee sin,David Lee Roth arrives at the airport to catch his flight to Sin City for his upcoming live performancesâ¦

154,Lee sin,"MASTER YI vs LEE SIN (JUNGLE) | M mastery points, + games, KDA /2/3 | BR Diamond | v9.24â¦"

155,Lee sin,"LEE SIN vs NIDALEE (JUNGLE) | KDA /1/11, Godlike | Korea Master | v9.24 â¦"

156,Lee sin,first pick lee sin?

157,Lee sin,lee sin incoming

158,Lee sin,"LEE SIN vs OLAF (JUNGLE) | KDA /1/12, Triple Kill, Godlike | Korea Master | v9.24"

159,Lee sin,: I will make sure that I dont see a single lee sin in my games until this champ gets the treatment it fking deserves

160,Lee sin,Lee sin

161,Lee sin,They lock in Vayne and Lee Sin

162,Lee sin,"LORRRD_Jesus ï¸ , Dorothy Lee ( = Me ) has Hidden GOD's Word ï¸ï¸ï¸ in my Heart , so that I will Not sin agaâ¦"

163,Lee sin,: wtf lee sin?

164,Lee sin,LEE SIN vs KARTHUS (JUNGLE) | early solo kills | Korea Grandmaster | v9.24

165,Lee sin,Streaming League of Legends come join! Shen/Kha'zix/Lee Sin/Pantheon Jungle â¦

166,Lee sin,wtf lee sin?

167,Lee sin,: I will make sure that I dont see a single lee sin in my games until this champ gets the treatment it fking deserves

168,Lee sin,el lee sin mia tay

169,Lee sin,"LEE SIN vs Malrang TALIYAH (JUNGLE) | KDA /2/14, + games, Godlike | Korea Challenger | v9.24â¦"

170,Lee sin,"as a thresh, riven, and lee sin player, I completely agree :^)"

171,Lee sin,"""Mockingbirds don't do one thing except make music for us to enjoy. They don't eat up people's gardens, don't nestâ¦"

172,Lee sin,on : ENTIRE TEAM WANTED TO FF! NIGHTBRINGER LEE SIN JUNGLE (FULL AD) | THIS IS WHY YOU DON'T GIVE UP!

173,Lee sin,Played was Gavans Lee sin my last solo queue i think he healed so much with conq that the servers crashed too big numbers

174,Lee sin,Did u hear abt new lee sin mechanic u can q wardhop behind and kick enemy into your team

175,Lee sin,Fav e te dou motivos pra colocar uma mÃºsica . adele - all i ask . kina - get you the moon . arctic monkeys -â¦

176,Lee sin,Seeing the skin on the Lee Sin model flashes me. The texture looks so real and it has this sligâ¦

177,Lee sin,ENTIRE TEAM WANTED TO FF! NIGHTBRINGER LEE SIN JUNGLE (FULL AD) | THIS IS WHY YOU DONâT GIVE UP!â¦

178,Lee sin,Itâs only if ur good at lee sin man

179,Lee sin,me after he gets the soraka skins: so so lucky! *he doesn't get lee sin skin* me: tf no aphelios skin????

180,Lee sin,I'm just trying to get prestige lee sin lol

181,Lee sin,: can a lee sin player Ë¢áµá¶¦áµ áµâ¿ áµáµ

182,Lee sin,"{KR} T1 Teddy on Syndra [Ch ,153 LP], T1 Ellim on Lee Sin [Ch LP], Gango on Senna [Ch LP], T1 Canna on Mordekaiser [Ch ,160 LP]"

183,Lee sin,"/12 Lee sin, how'd he do it!?"

184,Lee sin,Nice! I always hear the play title as an adverb - kinglier (and in the army it'd be 'king Lear a sin 'câ¦

185,Lee sin,Bet heâs diamond in league and mains Lee Sin. Absolutely filthy.

186,Lee sin,My lee sin ?

187,Lee sin,"Epic chinese lee sin gamer that will carry you, absolute chad of a man, speaks korean and is buff af. Girls hurry sâ¦"

188,Lee sin,YouTube ï¼ ENTIRE TEAM WANTED TO FF! NIGHTBRINGER LEE SIN JUNGLE (FULL AD) | THIS IS WHY YOU DON'T GIVE UP! ï¼ Nightbâ¦

189,Lee sin,TRAINING IS LEE SIN .. .

190,Lee sin,"LEE SIN vs EKKO (JUNGLE) | KDA /0/6, % winrate, early solo kills, Godlike | EUW Master | v9.24â¦"

191,Lee sin,God fist lee sin

192,Lee sin,"{KR} EDG Scout on Nocturne [Ch LP], T1 Ellim on Nautilus [Ch LP], T1 Canna on Lucian [Ch ,186 LP], SB Doveâ¦"

193,Lee sin,Iâve never played with a decent lee sin. Just mongos. So idk bout that top one. ð¥´ best jg Iâve had havâ¦

194,Lee sin,Trueee but draven is just the lee sin of botlane

195,Lee sin,"Iâm picking up Lee Sin, got the Knockout skin."

196,Lee sin,"{KR} Zenit on Irelia [Ch LP], HLE Lava on Miss Fortune [GM LP], FPX Doinb on Ryze [GM LP], GRF Sword onâ¦"

197,Lee sin,: MMA melon music award

198,Lee sin,Can Lee Sin puke stars at you? Nope. Thats why Sol's the chaddest

199,Lee sin,"I wholeheartedly agree with this list, except the lee sin one, lee mains belong in the you will die alone category"

